{
    "predictions": {
        "AAL": [
            -0.021530480037476225
        ],
        "AAPL": [
            -0.02352980086125636
        ],
        "AAXJ": [
            0.08240458972050896
        ],
        "AC": [
            0.016209239330174756
        ],
        "ACTINVRB": [
            0.006525778119541066
        ],
        "ACWI": [
            0.10514108396649677
        ],
        "AGUA": [
            0.004118211290474589
        ],
        "ALEATIC": [],
        "ALFAA": [
            -0.050996271676186644
        ],
        "ALPEKA": [
            0.08846502046699008
        ],
        "ALSEA": [
            -0.02500026605259166
        ],
        "AMD": [
            -0.025879270807065882
        ],
        "AMZN": [
            0.0816856910960027
        ],
        "ARA": [
            -0.04609201018464822
        ],
        "ASURB": [
            -0.03237971296020241
        ],
        "AUTLANB": [
            -0.056466358073651475
        ],
        "AXTELCPO": [
            0.0855517527772582
        ],
        "AZTECACPO": [
            -0.03210957029151789
        ],
        "BABAN": [
            0.06141655332892535
        ],
        "BAC": [
            0.007785283952033782
        ],
        "BACHOCOB": [
            -0.0012499112567791112
        ],
        "BBAJIOO": [
            0.07013206997229167
        ],
        "BBVA": [
            0.00874899097569537
        ],
        "BIL": [
            0.010008668915307557
        ],
        "BIMBOA": [
            0.03381737449334061
        ],
        "BOLSAA": [
            0.02438772253217065
        ],
        "BOTZ": [
            0.017227520656831526
        ],
        "BYND": [],
        "C": [
            -0.002496840527067057
        ],
        "CADUA": [
            -0.0005332422142606888
        ],
        "CCL1N": [],
        "CEMEXCPO": [
            -0.011732648200998997
        ],
        "CETETRCISHRS": [
            0.0010205942232126008
        ],
        "CHDRAUIB": [
            0.0591920834460469
        ],
        "CIEB": [
            0.048595112226505324
        ],
        "CMOCTEZ": [
            0.03940784331635257
        ],
        "CMRB": [
            -0.014486309743271707
        ],
        "CSPXN": [
            -0.004158810036982208
        ],
        "CUERVO": [
            -0.015802690755098457
        ],
        "CULTIBAB": [
            -0.032488784127150304
        ],
        "CVS": [
            -0.002298008842233013
        ],
        "CYDSASAA": [
            -0.03108209347254655
        ],
        "DAL": [
            -0.015264455160387123
        ],
        "DANHOS13": [
            0.048016453216837035
        ],
        "DIS": [
            0.03457634777877182
        ],
        "DLRTRAC15": [
            -0.01539298678183565
        ],
        "EEM": [
            0.3314888944079424
        ],
        "ELEKTRA": [
            0.0005610733389510025
        ],
        "EWG": [
            0.10183906649885062
        ],
        "EWJ": [
            0.051056053709075726
        ],
        "EWZ": [
            -0.05148941356476355
        ],
        "EZU": [
            0.012854843225685808
        ],
        "F": [
            -0.0029985231506048544
        ],
        "FCX": [
            -0.057101025995057786
        ],
        "FEMSAUBD": [
            -0.005586624227317712
        ],
        "FIBRAHD15": [
            -0.01808825434541582
        ],
        "FIBRAMQ12": [
            -0.01693241386777019
        ],
        "FIBRAPL14": [
            -0.013908832993364047
        ],
        "FIBRATC14": [
            -0.04959703579565408
        ],
        "FIHO12": [
            0.057345232697880576
        ],
        "FINN13": [
            0.02410595471592593
        ],
        "FLOAN": [
            -0.0014276883667023177
        ],
        "FMTY14": [
            -0.028430203937498972
        ],
        "FNOVA17": [],
        "FPLUS16": [
            0.07570966242781844
        ],
        "FRAGUAB": [
            0.008264849388824817
        ],
        "FSHOP13": [
            -0.027083264956545807
        ],
        "FUNO11": [
            -0.013653792118796356
        ],
        "FXI": [
            0.2056943845038267
        ],
        "GAPB": [
            0.016025887482932405
        ],
        "GBMO": [
            0.007195498885651238
        ],
        "GCARSOA1": [
            0.023009103591748126
        ],
        "GCC": [
            0.029873821017233203
        ],
        "GDX": [
            -0.00015783194064977746
        ],
        "GE": [
            -0.04175917688386781
        ],
        "GENTERA": [
            -0.07062570894695175
        ],
        "GFAMSAA": [
            -0.27613331961344956
        ],
        "GFINBURO": [
            -0.010120544378689223
        ],
        "GFNORTEO": [
            -0.03205673859485146
        ],
        "GICSAB": [
            -0.12582882510694643
        ],
        "GISSAA": [
            -0.01874595848770494
        ],
        "GM": [
            -0.015331250432138213
        ],
        "GMD": [
            -0.03956543350679524
        ],
        "GMEXICOB": [
            0.007478688360880863
        ],
        "GMXT": [
            0.004353917749312097
        ],
        "GOOGL": [
            -0.0024218207662094152
        ],
        "GRUMAB": [
            -0.00024461657799867975
        ],
        "HCITY": [
            -0.04072379740527837
        ],
        "HERDEZ": [
            -0.004010367745111741
        ],
        "HOMEX": [
            0.1764273458379148
        ],
        "HOTEL": [
            -0.06804551993024179
        ],
        "IAU": [
            0.042753860225406476
        ],
        "IB01N": [],
        "IB1MXXN": [],
        "IBTAN": [
            -0.0027203763085105748
        ],
        "IBTMXXN": [
            0.005366949442942137
        ],
        "ICLN": [
            -0.016355213437443193
        ],
        "INTC": [
            0.041880828475351226
        ],
        "IVV": [
            0.03821255873981654
        ],
        "IVVPESOISHRS": [
            0.01710723565613801
        ],
        "JPM": [],
        "KIMBERA": [
            0.01269807739497438
        ],
        "KO": [
            0.00941253798082391
        ],
        "KOFUBL": [],
        "LABB": [
            0.09335377155085191
        ],
        "LACOMERUBC": [
            0.025683360316133507
        ],
        "LAMOSA": [
            0.01874861604462545
        ],
        "LIVEPOLC-1": [
            -0.0425547675372586
        ],
        "LQDAN": [
            -0.00279212031047249
        ],
        "M10TRACISHRS": [
            -0.0005278467658725861
        ],
        "M5TRACISHRS": [
            -0.008921464408597923
        ],
        "MCHI": [
            0.10692621900047637
        ],
        "MEDICAB": [
            -0.011371792985274631
        ],
        "MEGACPO": [
            -0.0011689108183883254
        ],
        "MEXTRAC09": [
            -0.012211294608969457
        ],
        "MFRISCOA-1": [
            0.03262980851051962
        ],
        "MGM": [
            0.07419386484994675
        ],
        "MRNA": [],
        "MSFT": [
            0.021136045593443648
        ],
        "MU": [
            0.05686689362228988
        ],
        "NAFTRACISHRS": [
            -0.014768608082438562
        ],
        "NCLHN": [
            -0.09559798872921867
        ],
        "NEMAKA": [
            0.020140270945653738
        ],
        "NFLX": [
            0.017944920045708294
        ],
        "NION": [],
        "NKE": [
            0.030867124461410753
        ],
        "NOKN": [
            0.09496663310271244
        ],
        "NVDA": [
            0.0027516937155365045
        ],
        "OMAB": [
            -0.09819387601370891
        ],
        "ORBIA": [
            0.01416436711773841
        ],
        "PE&OLES": [
            0.08546709719010584
        ],
        "PFE": [
            0.024592459793746323
        ],