{
    "predictions": {
        "AAL": [
            0.02348836910992406
        ],
        "AAPL": [
            -0.024068202145078425
        ],
        "AAXJ": [
            -0.09080528840385088
        ],
        "ABBV": [
            0.005981457454719941
        ],
        "ABT": [
            0.027192511093808616
        ],
        "AC": [
            -0.004190738571671548
        ],
        "ACCELSAB": [],
        "ACTINVRB": [
            0.008546128938723512
        ],
        "ACWI": [
            0.12379130822402049
        ],
        "AEROMEX": [
            0.054066282770390536
        ],
        "AGUA": [
            0.02373801629860999
        ],
        "ALEATIC": [
            -0.03834166898364004
        ],
        "ALFAA": [
            0.05697889626514842
        ],
        "ALPEKA": [
            0.051789567617667606
        ],
        "ALSEA": [
            -0.029857555565007167
        ],
        "AMD": [
            -0.022832389726689335
        ],
        "AMXL": [
            -0.047323366053611836
        ],
        "AMZN": [
            -0.008531255899331007
        ],
        "ANB": [
            0.024574596896702057
        ],
        "ARA": [
            0.06980591838268216
        ],
        "ARISTOSA": [],
        "ASURB": [
            0.009632727039580569
        ],
        "AUTLANB": [
            -0.018349714183570804
        ],
        "AXP": [
            -0.006397017585732981
        ],
        "AXTELCPO": [
            0.04758753226759621
        ],
        "AZTECACPO": [
            0.024465837333814057
        ],
        "BA": [
            -0.011928714705103857
        ],
        "BABAN": [
            -0.04985614201595036
        ],
        "BAC": [
            -0.023686622557499613
        ],
        "BACHOCOB": [
            0.005391895213596487
        ],
        "BAFARB": [
            0.03191345985535723
        ],
        "BBAJIOO": [
            0.06235905868826251
        ],
        "BBVA": [
            -0.020858924561648604
        ],
        "BIL": [
            0.06572724058144422
        ],
        "BIMBOA": [
            0.029558067244667936
        ],
        "BOLSAA": [
            -0.02969790263440407
        ],
        "BOTZ": [],
        "BRKB": [
            0.0033179239574740067
        ],
        "BSMXB": [
            -0.07773558281680913
        ],
        "BYND": [],
        "C": [
            0.007289164555910839
        ],
        "CABLECPO": [
            -0.02217030321966828
        ],
        "CADUA": [
            -0.010352274136064332
        ],
        "CCL1N": [],
        "CEMEXCPO": [
            -0.01900960053561522
        ],
        "CERAMICB": [],
        "CETETRCISHRS": [
            -0.0009753471992082763
        ],
        "CHDRAUIB": [
            0.06172119022100482
        ],
        "CHNTRAC11": [],
        "CIDMEGA": [
            0.007839330314416991
        ],
        "CIEB": [
            0.005232121722481178
        ],
        "CMOCTEZ": [
            0.022198066623591108
        ],
        "CMRB": [
            0.06504280454503075
        ],
        "CORPTRCISHRS": [
            -0.00641343493272023
        ],
        "COST": [
            0.044172163364999795
        ],
        "CREAL": [
            -0.03936100984027087
        ],
        "CRM": [
            0.00809002959340437
        ],
        "CSPXN": [],
        "CUERVO": [
            0.005136553880206868
        ],
        "CULTIBAB": [
            -0.0007588365027263316
        ],
        "CVS": [
            -0.03272853894313828
        ],
        "CYDSASAA": [
            -0.05679320035026196
        ],
        "DAL": [
            0.0176956647324035
        ],
        "DANHOS13": [
            0.016869478123334912
        ],
        "DIA": [
            0.0513135675564237
        ],
        "DINEA": [
            -0.024940728273281552
        ],
        "DIS": [
            0.04012764051447699
        ],
        "DLRTRAC15": [
            -0.01539298678183565
        ],
        "EDOARDOB": [
            0.08281469080177101
        ],
        "EDUCA18": [],
        "EEM": [
            0.22437333557984146
        ],
        "ELEKTRA": [
            -0.004669118721013599
        ],
        "ELEMENT": [],
        "EWG": [
            -0.007975460716118321
        ],
        "EWJ": [
            0.12123449444100905
        ],
        "EWZ": [
            0.08222338681703809
        ],
        "EZU": [
            0.06299071020547956
        ],
        "F": [
            0.019059323466955484
        ],
        "FB": [],
        "FCX": [
            0.005858156214567062
        ],
        "FEMSAUBD": [
            -0.0025426166392893104
        ],
        "FIBRAHD15": [
            -0.024107345947967915
        ],
        "FIBRAMQ12": [
            -0.010701417822128112
        ],
        "FIBRAPL14": [
            -0.008026851939415162
        ],
        "FIBRATC14": [],
        "FIDEAL20": [],
        "FIHO12": [
            0.028944680424711235
        ],
        "FINAMEXO": [
            0.0032144593929810047
        ],
        "FINN13": [
            0.02963601275628465
        ],
        "FLOAN": [],
        "FMTY14": [
            -0.03731256254992398
        ],
        "FNOVA17": [],
        "FPLUS16": [
            0.15218644613308996
        ],
        "FRAGUAB": [
            0.00044249479384794385
        ],
        "FRES": [
            0.008722491216110325
        ],
        "FSHOP13": [
            0.009695380447517377
        ],
        "FUNO11": [
            -0.07269704585171491
        ],
        "FXI": [
            0.15813511558662652
        ],
        "GAPB": [
            -0.014293610519009271
        ],
        "GBMO": [
            -0.020427730023731754
        ],
        "GCARSOA1": [
            0.017634470938343777
        ],
        "GCC": [
            -0.009556221792821083
        ],
        "GDX": [
            -0.05412008109956153
        ],
        "GE": [
            -0.03767972140892056
        ],
        "GENSEG": [],
        "GENTERA": [
            0.00332890620572018
        ],
        "GFAMSAA": [
            -0.07549451099224426
        ],
        "GFINBURO": [
            -0.014865869470992787
        ],
        "GFMULTIO": [
            0.046296654238900115
        ],
        "GFNORTEO": [
            0.0493222049196696
        ],
        "GICSAB": [
            0.06545222655850397
        ],
        "GILD": [
            -0.011287631617302691
        ],
        "GISSAA": [
            0.025027792633619053
        ],
        "GLD": [
            -0.10310713857090659
        ],
        "GM": [
            -0.026468194901641234
        ],
        "GMD": [
            -0.0011206529484624177
        ],
        "GMEXICOB": [
            0.013160508520774742
        ],
        "GMXT": [
            0.044492005131360104
        ],
        "GNP": [
            0.020413947661577538
        ],
        "GOLDN": [],
        "GOMO": [
            -0.05873478050850234
        ],
        "GOOGL": [
            0.0354416446923181
        ],
        "GRUMAB": [
            -0.011707689754599133
        ],
        "GSANBORB-1": [
            0.005052373571521378
        ],
        "HCITY": [
            -0.03393175570858144
        ],
        "HERDEZ": [
            0.019543908563425607
        ],
        "HOMEX": [
            0.0514685312251465
        ],
        "HOTEL": [
            -0.02657961219852508
        ],
        "IASASA": [
            -0.07494666173437656
        ],
        "IAU": [
            0.0533885733846029
        ],
        "IB01N": [],
        "IB1MXXN": [],
        "IBB": [
            -0.01596919005159425
        ],
        "IBTAN": [],
        "IBTMXXN": [],
        "ICHB": [
            0.0020063387814524165
        ],
        "ICLN": [
            0.016772001578271026
        ],
        "IENOVA": [
            -0.03345384994637028
        ],
        "INO": [],
        "INTC": [
            0.01693132196113318
        ],