{
    "predictions": {
        "AAL": [
            0.0931216968348655
        ],
        "AAPL": [
            -0.0006326970029012485
        ],
        "AAXJ": [
            0.11094712759411657
        ],
        "AC": [
            -0.0033746983307805997
        ],
        "ACTINVRB": [
            -0.010960707908141734
        ],
        "ACWI": [
            0.11223931012419344
        ],
        "AGUA": [
            0.05060599651684493
        ],
        "ALFAA": [
            0.023639112752837442
        ],
        "ALPEKA": [
            0.0069846911268676565
        ],
        "ALSEA": [
            0.01194707480538823
        ],
        "AMD": [
            -0.05610685373203698
        ],
        "AMXL": [],
        "AMZN": [
            -0.015926967042894632
        ],
        "ARA": [
            -0.018911782464539437
        ],
        "ASURB": [
            0.002875707421177581
        ],
        "AUTLANB": [
            0.015777446289815346
        ],
        "AXTELCPO": [
            0.14784745156111823
        ],
        "AZTECACPO": [
            0.050756881437206844
        ],
        "BABAN": [
            0.03848549755572625
        ],
        "BAC": [
            -0.004033396442812462
        ],
        "BACHOCOB": [
            0.002896461907332784
        ],
        "BBAJIOO": [
            0.0668844668055371
        ],
        "BBVA": [
            -0.025348621758857687
        ],
        "BIL": [
            0.030230524977345713
        ],
        "BIMBOA": [
            0.028222576969834105
        ],
        "BOLSAA": [
            -0.03450994672506333
        ],
        "BOTZ": [
            -0.029991176261534677
        ],
        "BSMXB": [
            0.04587909017610101
        ],
        "BYND": [],
        "C": [
            0.01895544445716124
        ],
        "CADUA": [
            -0.05919974068918885
        ],
        "CCL1N": [],
        "CEMEXCPO": [
            -0.04679600888056588
        ],
        "CETETRCISHRS": [
            -0.00017359889724488653
        ],
        "CHDRAUIB": [
            0.08964343193985178
        ],
        "CHNTRAC11": [],
        "CIEB": [
            0.01829485576302678
        ],
        "CMOCTEZ": [
            -0.0195086541804679
        ],
        "CMRB": [
            0.042871341129706406
        ],
        "CSPXN": [
            -0.004158810036982208
        ],
        "CUERVO": [
            -0.011970677030097092
        ],
        "CULTIBAB": [
            0.0030167933247762027
        ],
        "CYDSASAA": [
            -0.03587837740294461
        ],
        "DAL": [
            0.023324193196004272
        ],
        "DANHOS13": [
            0.013387428670856238
        ],
        "DIS": [
            0.02834611408127294
        ],
        "DLRTRAC15": [
            -0.01539298678183565
        ],
        "EEM": [
            0.2732365879751355
        ],
        "ELEKTRA": [
            -0.00979302833319168
        ],
        "EWG": [
            0.013215311004947036
        ],
        "EWJ": [
            0.18053220899575245
        ],
        "EWZ": [
            0.05619061546878068
        ],
        "EZU": [
            -0.03690902019527578
        ],
        "F": [
            -0.023136155640538423
        ],
        "FCX": [
            0.038643139977214636
        ],
        "FEMSAUBD": [
            -0.003235878481783274
        ],
        "FIBRAHD15": [
            0.014909828806044516
        ],
        "FIBRAMQ12": [
            -0.013724998141924676
        ],
        "FIBRAPL14": [
            -0.007634844731564286
        ],
        "FIBRATC14": [
            -0.06373537465028209
        ],
        "FIHO12": [
            0.025443884805292437
        ],
        "FINN13": [
            0.024193641241915448
        ],
        "FLOAN": [
            -0.0013814357557057066
        ],
        "FMTY14": [
            0.03511073166176931
        ],
        "FNOVA17": [],
        "FPLUS16": [
            0.057769147802307574
        ],
        "FRAGUAB": [
            0.002311125401511356
        ],
        "FSHOP13": [
            -0.02488819918547468
        ],
        "FUNO11": [
            -0.035276361198502026
        ],
        "FXI": [
            0.10260086292857828
        ],
        "GAPB": [
            0.011223111619088226
        ],
        "GBMO": [
            -0.008975937409544351
        ],
        "GCARSOA1": [
            0.0012853655862304116
        ],
        "GCC": [
            0.08425594992649146
        ],
        "GDX": [
            -0.15989913853870952
        ],
        "GE": [
            0.04091202169568846
        ],
        "GENTERA": [
            -0.005212336951789597
        ],
        "GFAMSAA": [
            -0.12331075871795293
        ],
        "GFINBURO": [
            0.003035139783104442
        ],
        "GFNORTEO": [
            0.002945872419147212
        ],
        "GICSAB": [
            0.0850512955107268
        ],
        "GISSAA": [
            0.013623101055568394
        ],
        "GLD": [
            0.007463388495136614
        ],
        "GM": [
            -0.04395751348105596
        ],
        "GMD": [
            0.0044849267749835185
        ],
        "GMEXICOB": [
            -0.013420703732543046
        ],
        "GMXT": [
            0.011014842170299743
        ],
        "GOOGL": [
            0.0621644157677779
        ],
        "GRUMAB": [
            -0.00642438172372134
        ],
        "HCITY": [
            0.06147472574110355
        ],
        "HERDEZ": [
            -0.0018328455078049349
        ],
        "HOMEX": [
            0.027465040320194346
        ],
        "HOTEL": [
            0.004232120478101837
        ],
        "IAU": [
            0.09974332710113423
        ],
        "IB01N": [],
        "IB1MXXN": [],
        "IBTAN": [
            -0.0027203763085105748
        ],
        "IBTMXXN": [],
        "ICHB": [
            0.03623019540754802
        ],
        "ICLN": [
            0.017693791457805887
        ],
        "INTC": [
            -0.025282573230141027
        ],
        "IVV": [
            0.04185806150826612
        ],
        "IVVPESOISHRS": [
            0.00966011548864115
        ],
        "JPM": [],
        "KIMBERA": [
            0.0016507530732582437
        ],
        "KO": [
            0.01916607001124554
        ],
        "KOFUBL": [],
        "LABB": [
            0.021660410094873184
        ],
        "LACOMERUBC": [
            0.030094851764653756
        ],
        "LAMOSA": [
            0.041154583909197205
        ],
        "LIVEPOLC-1": [
            0.0033969596982052243
        ],
        "LQDAN": [
            -0.00279212031047249
        ],
        "M10TRACISHRS": [
            -0.0005278467658725861
        ],
        "M5TRACISHRS": [
            -0.008921464408597923
        ],
        "MCHI": [
            0.07542641884238986
        ],
        "MEDICAB": [
            0.040749423692491626
        ],
        "MEGACPO": [
            0.023114659957155288
        ],
        "MEXTRAC09": [
            -0.005319830262072417
        ],
        "MFRISCOA-1": [
            -0.024331369565693137
        ],
        "MGM": [
            0.008186784360383503
        ],
        "MRNA": [],
        "MSFT": [
            0.027293185312158564
        ],
        "MU": [
            0.010461794638049499
        ],
        "NAFTRACISHRS": [
            -0.010295709638261218
        ],
        "NCLHN": [
            0.056222558194643786
        ],
        "NEMAKA": [
            0.20630849307803667
        ],
        "NFLX": [
            0.02847089322615052
        ],
        "NION": [],
        "NOKN": [
            0.05107073757965064
        ],
        "NVDA": [
            -0.008261368528968624
        ],
        "OMAB": [
            -0.08254844331118152
        ],
        "ORBIA": [
            -0.005875469782106384
        ],
        "PE&OLES": [
            -0.03858221800308693
        ],