{
    "predictions": {
        "AAL": [
            -0.04949898461857116
        ],
        "AAPL": [
            0.023200611231183103
        ],
        "AAXJ": [
            0.1478193459448
        ],
        "AC": [
            0.02457974019136555
        ],
        "ACTINVRB": [
            0.0009009757544147755
        ],
        "ACWI": [
            0.04347137593351687
        ],
        "AGUA": [
            -0.04268771205525917
        ],
        "ALFAA": [
            -0.06484377219491733
        ],
        "ALPEKA": [
            -0.012824778719968996
        ],
        "ALSEA": [
            -0.001785783610688138
        ],
        "AMD": [
            -0.06342040240167998
        ],
        "AMZN": [
            0.08769266792705309
        ],
        "ARA": [
            -0.04596975437397666
        ],
        "ASURB": [
            0.006339034345129741
        ],
        "AUTLANB": [
            -0.012605617008846513
        ],
        "AXTELCPO": [
            0.10748634621850998
        ],
        "AZTECACPO": [
            -0.04208096288059118
        ],
        "BABAN": [
            0.015497398101273225
        ],
        "BAC": [
            0.007244285676422036
        ],
        "BACHOCOB": [
            0.006315451343697584
        ],
        "BBAJIOO": [
            0.03828227805138647
        ],
        "BBVA": [
            0.015327867484691747
        ],
        "BIL": [
            -0.05176624303184279
        ],
        "BIMBOA": [
            0.024087519440852034
        ],
        "BOLSAA": [
            0.01780620333449922
        ],
        "BOTZ": [
            0.01592038210710553
        ],
        "BSMXB": [
            0.014394758565410497
        ],
        "BYND": [],
        "C": [
            -0.0121525570824976
        ],
        "CADUA": [
            0.0313876585504144
        ],
        "CCL1N": [],
        "CEMEXCPO": [
            -0.0989356284224923
        ],
        "CETETRCISHRS": [
            0.0010205942232126008
        ],
        "CHDRAUIB": [
            0.03417489969848695
        ],
        "CIEB": [
            0.05503989842561968
        ],
        "CMOCTEZ": [
            0.02277736071471814
        ],
        "CMRB": [
            0.0020376480148182772
        ],
        "CSPXN": [
            -0.004158810036982208
        ],
        "CUERVO": [
            -0.004420201975221709
        ],
        "CULTIBAB": [
            -0.015799660399665565
        ],
        "CYDSASAA": [
            -0.027022010677524848
        ],
        "DAL": [
            -0.011563762628711574
        ],
        "DANHOS13": [
            0.02857267047406264
        ],
        "DIS": [
            0.04537520816548604
        ],
        "DLRTRAC15": [
            -0.01539298678183565
        ],
        "EEM": [
            0.2884151653416025
        ],
        "ELEKTRA": [
            0.014895200581507478
        ],
        "EWG": [
            0.09819409730866542
        ],
        "EWJ": [
            0.06443765643045646
        ],
        "EWZ": [
            -0.012100584511108542
        ],
        "EZU": [
            -0.036318804378231706
        ],
        "F": [
            0.005766398505165124
        ],
        "FCX": [
            -0.0415594480440474
        ],
        "FEMSAUBD": [
            0.002285230283759196
        ],
        "FIBRAHD15": [
            -0.04826374288257236
        ],
        "FIBRAMQ12": [
            -0.022759694437862715
        ],
        "FIBRAPL14": [
            -0.012310333530004
        ],
        "FIBRATC14": [
            -0.04045568839653439
        ],
        "FIHO12": [
            0.043032733739101006
        ],
        "FINN13": [
            0.02778375871859336
        ],
        "FLOAN": [
            -0.0014276883667023177
        ],
        "FMTY14": [
            -0.02795553408225205
        ],
        "FNOVA17": [],
        "FPLUS16": [
            0.09822529601847338
        ],
        "FRAGUAB": [
            0.0010551151836438247
        ],
        "FSHOP13": [
            -0.023378174994166806
        ],
        "FUNO11": [
            0.01868385855733501
        ],
        "FXI": [
            0.09046338111992824
        ],
        "GAPB": [
            0.00864977044843937
        ],
        "GBMO": [
            -0.019544105916908226
        ],
        "GCARSOA1": [
            0.01846437206265119
        ],
        "GCC": [
            0.043084377333563656
        ],
        "GDX": [
            -0.015217017822486828
        ],
        "GE": [
            -0.03976171934371868
        ],
        "GENTERA": [
            -0.0631284658110315
        ],
        "GFAMSAA": [
            -0.09591735203090263
        ],
        "GFINBURO": [
            -0.011001637061189982
        ],
        "GFNORTEO": [
            0.014534886347932562
        ],
        "GICSAB": [
            -0.07694058866636662
        ],
        "GISSAA": [
            -0.010984427163835256
        ],
        "GLD": [
            0.14412369256433866
        ],
        "GM": [
            0.031128859719335284
        ],
        "GMD": [
            -0.018427286726140912
        ],
        "GMEXICOB": [
            -0.0008677500870526867
        ],
        "GMXT": [
            0.004353917749312097
        ],
        "GOOGL": [
            0.00989997290243996
        ],
        "GRUMAB": [
            0.004016191155326962
        ],
        "HCITY": [
            0.0860506553147886
        ],
        "HERDEZ": [
            0.0017769242032077666
        ],
        "HOMEX": [
            0.10039684771017542
        ],
        "HOTEL": [
            0.003479597177604791
        ],
        "IAU": [
            0.14573106648413106
        ],
        "IB01N": [],
        "IB1MXXN": [],
        "IBTAN": [
            -0.0027203763085105748
        ],
        "IBTMXXN": [
            0.0029049900553833607
        ],
        "ICHB": [
            0.017331742824983287
        ],
        "ICLN": [
            -0.014525064808563304
        ],
        "INTC": [
            0.014231910543656495
        ],
        "IVV": [
            0.03894295093556414
        ],
        "IVVPESOISHRS": [
            0.019301601157534983
        ],
        "JPM": [
            -0.0008297952416611793
        ],
        "KIMBERA": [
            0.013127166625678543
        ],
        "KO": [
            0.014316833313772264
        ],
        "KOFUBL": [],
        "LABB": [
            0.06012258416556064
        ],
        "LACOMERUBC": [
            0.025687937977241053
        ],
        "LAMOSA": [
            0.042635976260619504
        ],
        "LIVEPOLC-1": [
            -0.03217650039021881
        ],
        "LQDAN": [
            -0.00279212031047249
        ],
        "M10TRACISHRS": [
            -0.006093047032510068
        ],
        "M5TRACISHRS": [
            -0.008921464408597923
        ],
        "MCHI": [
            0.11324480433099993
        ],
        "MEDICAB": [
            -0.01185402291290296
        ],
        "MEGACPO": [
            -0.0016571196350448382
        ],
        "MEXTRAC09": [
            -0.006531130234033839
        ],
        "MFRISCOA-1": [
            0.0650527574338545
        ],
        "MGM": [
            0.07402045651677985
        ],
        "MRNA": [],
        "MSFT": [
            0.01674805383399439
        ],
        "MU": [
            0.021983172556554263
        ],
        "NAFTRACISHRS": [
            -0.0038417854956874636
        ],
        "NCLHN": [
            0.003090134994330501
        ],
        "NEMAKA": [
            0.0074077560071357865
        ],
        "NFLX": [
            0.01950736337145674
        ],
        "NION": [],
        "NOKN": [
            0.07011230794514638
        ],
        "NVDA": [
            0.016100528362584715
        ],
        "OMAB": [
            -0.10075038324208964
        ],
        "ORBIA": [
            -0.0031910553927641154
        ],