{"predictions": {"AAL": [0.03536689140897623], "AAPL": [-0.043085244048176416], "AAXJ": [0.1253896904421299], "AC": [0.02154074066968032], "ACTINVRB": [0.011118952723572014], "ACWI": [0.07079873683324106], "AGUA": [-0.010227649956033147], "ALFAA": [-0.0633518310814622], "ALPEKA": [0.07689434592724326], "ALSEA": [0.015124467817082682], "AMD": [0.035340623068469385], "AMZN": [0.11214558573202096], "ARA": [-0.03961116590724563], "ASURB": [0.007365553591097522], "AUTLANB": [0.01813125394525609], "AXTELCPO": [0.062567067210638], "AZTECACPO": [-0.03125217337895099], "BABAN": [0.006152201148675367], "BAC": [0.0031302294660888186], "BACHOCOB": [0.009144021250692448], "BBAJIOO": [0.057426546369764776], "BBVA": [-0.014525437734268988], "BIL": [0.014241249553961634], "BIMBOA": [0.025682108834836577], "BOLSAA": [0.028310442364700206], "BOTZ": [0.005804775094407938], "BYND": [], "C": [-0.011618713371243143], "CADUA": [-0.02165934894603276], "CCL1N": [], "CEMEXCPO": [-0.06471745847091549], "CETETRCISHRS": [0.0010205942232126008], "CHDRAUIB": [0.017931042342402635], "CIEB": [-0.0012014393233264337], "CMOCTEZ": [0.02271438446642487], "CMRB": [-0.0016157147201388482], "CSPXN": [-0.004158810036982208], "CUERVO": [-0.006224386327360705], "CULTIBAB": [-0.018018069085281387], "CVS": [-0.005148442127805341], "CYDSASAA": [-0.024727606198068706], "DAL": [0.04521429761371883], "DANHOS13": [0.021260791025735117], "DIS": [0.024315317014706676], "DLRTRAC15": [-0.01539298678183565], "EEM": [0.2893163100115049], "ELEKTRA": [0.04424509122605782], "EWG": [0.07113288251681761], "EWJ": [0.043061701196141736], "EWZ": [-0.0077980132350583264], "EZU": [-0.016674925261796036], "F": [0.006265681473123717], "FCX": [-0.06369464906834076], "FEMSAUBD": [-0.006477620753230825], "FIBRAHD15": [], "FIBRAMQ12": [-0.009730066585700433], "FIBRAPL14": [0.024389511126142585], "FIBRATC14": [-0.05036185560785791], "FIHO12": [0.061089893863141106], "FINN13": [0.036970849558176345], "FLOAN": [-0.0014276883667023177], "FMTY14": [-0.03919662636126364], "FNOVA17": [], "FPLUS16": [0.1124378161975582], "FRAGUAB": [0.01473947935047004], "FSHOP13": [-0.03324352315379779], "FUNO11": [0.0028095912760479937], "FXI": [0.023373796627458088], "GAPB": [0.014516858600054083], "GCARSOA1": [0.06038168980077761], "GCC": [-0.013071911750098156], "GDX": [0.024017605514043534], "GE": [-0.030665497910215778], "GENTERA": [-0.06306581133948337], "GFINBURO": [-0.00869724838692588], "GFNORTEO": [-0.02107060594642799], "GICSAB": [-0.08563809309843975], "GISSAA": [-0.05363213585733357], "GM": [-0.007989465139925142], "GMD": [-0.03521689728076574], "GMEXICOB": [-0.065438976829426], "GMXT": [0.01917005602883151], "GOOGL": [0.027412603876069298], "GRUMAB": [-0.025350081434006175], "HCITY": [0.05469919666648959], "HERDEZ": [-0.004018453153175], "HOMEX": [0.04834988499635065], "HOTEL": [-0.05269644340987729], "IAU": [0.03578308282459389], "IB01N": [], "IB1MXXN": [], "IBTAN": [-0.005335941865113825], "IBTMXXN": [0.005366949442942137], "ICLN": [-0.0014220142834966889], "INTC": [0.016280634125078144], "IVV": [0.01130975115706638], "IVVPESOISHRS": [0.019925141294500355], "JPM": [0.0013074305522676145], "KIMBERA": [0.007330580684952116], "KO": [0.00955687817951061], "KOFUBL": [], "LABB": [0.058525479975412666], "LACOMERUBC": [0.019025084672696632], "LIVEPOLC-1": [-0.041007324102963795], "LQDAN": [-0.00279212031047249], "M10TRACISHRS": [-0.0005278467658725861], "M5TRACISHRS": [-0.008921464408597923], "MCHI": [0.05022465474651344], "MEDICAB": [-0.032964827167590596], "MEGACPO": [-0.01073380107957177], "MEXTRAC09": [-0.013345848075252994], "MFRISCOA-1": [0.010389720595636212], "MGM": [0.032427991796244456], "MRNA": [], "MSFT": [0.022697145081348125], "MU": [0.030418594969710503], "NAFTRACISHRS": [-0.0009652711324165536], "NCLHN": [-0.029257224727419713], "NEMAKA": [0.05357717833739309], "NFLX": [-0.001816486066912773], "NION": [], "NKE": [-0.01394029669947301], "NVDA": [0.024860156458413364], "OMAB": [0.007023378056590443], "ORBIA": [-0.017469414024546763], "PE&OLES": [0.05774074779725156], "PFE": [0.005860887995059079], "PINFRA": [-0.016156816047855065], "PSQ": [-0.0183397468466953], "PYPL": [-0.0435850028940577], "Q": [0.01767482766260421], "QQQ": [0.1083721527985228], "QVGMEX18": [0.009631395864942494], "RA": [-0.03288909021358084], "SDIAN": [-0.0075472485629804464], "SHV": [0.033525875213847534], "SHY": [-0.018991807894886303], "SIMECB": [0.012654120272909332], "SLV": [-0.02980770294845486], "SORIANAB": [0.03927719067627257], "SPCE": [], "SPORTS": [0.026381612470725884], "SPY": [0.28161913953092327], "SQ": [], "T": [-0.042746941658992385], "TEAKCPO": [0.07990320243215199], "TERRA13": [-0.003668242765999771], "TLEVISACPO": [-0.024568192031660118], "TLT": [-0.15356957889852368], "TMMA": [0.09774661640635679], "TRAXIONA": [0.03123180542057153], "TSLA": [0.017857733919141857], "UAL": [0.03683610981695208], "UBER": [], "UDITRACISHRS": [0.00825960798273484], "V": [0.013781284035197221], "VALUEGFO": [-0.03502844769694581], "VEA": [0.23458307952628352], "VESTA": [0.02206414614872266], "VGT": [-0.051061208806575886], "VITROA": [0.0029678108191766306], "VMEX19": [], "VOLARA": [-0.05266797225162975], "VOO": [0.04019903106160786], "VT": [-0.03951545128528494], "VWO": [0.2929961258561927], "WALMEX": [0.014020001713276359], "WFC": [0.037078529828641564], "WYNN": [0.018466542090875407], "X": [-0.01467837342703305], "XLE": [-0.0010341008483852332], "XLF": [0.05436126744644915], "XLK": [0.014793417883456478], "XLP": [0.13238565858441873], "XLV": [0.01931797026799799], "XOM": [0.03401307198712605]}, "allocation": {"FPLUS16": 29.0, "TMMA": 11.0, "GCARSOA1": 1.0, "HOMEX": 60.0, "SORIANAB": 5.0, "FINN13": 65.0, "SHV": 1.0, "BIMBOA": 4.0, "FIBRAPL14": 2.0, "CMOCTEZ": 18.0, "AC": 1.0, "GMXT": 12.0, "CHDRAUIB": 5.0, "Q": 3.0, "ALSEA": 6.0, "FRAGUAB": 1.0, "SIMECB": 1.0, "ACTINVRB": 103.0}, "qty": {"FPLUS16": 185.30999612808228, "TMMA": 16.0600004196167, "GCARSOA1": 133.0, "HOMEX": 0.7200000062584877, "SORIANAB": 136.899995803833, "FINN13": 374.40001487731934, "SHV": 1848.010009765625, "BIMBOA": 355.0, "FIBRAPL14": 124.0, "CMOCTEZ": 1170.0, "AC": 172.77000427246094, "GMXT": 474.0, "CHDRAUIB": 488.5499954223633, "Q": 366.3300018310547, "ALSEA": 353.82000732421875, "FRAGUAB": 470.0, "SIMECB": 203.99000549316406, "ACTINVRB": 1443.030023574829}, "pct": {"FPLUS16": 0.02228384393062916, "TMMA": 0.0019312425144578785, "GCARSOA1": 0.015993477441579553, "HOMEX": 8.658123201528016e-05, "SORIANAB": 0.01646245860632285, "FINN13": 0.04502224204561997, "SHV": 0.22222636393232884, "BIMBOA": 0.04268935708090783, "FIBRAPL14": 0.014911212050795975, "CMOCTEZ": 0.14069450080186524, "AC": 0.020775888465512836, "GMXT": 0.05699931058126849, "CHDRAUIB": 0.05874897241256663, "Q": 0.04405180917638173, "ALSEA": 0.04254746094375493, "FRAGUAB": 0.05651830374092023, "SIMECB": 0.02453014700122262, "ACTINVRB": 0.17352682804184993}}