{"predictions": {"AAL": [0.09076229027577772], "AAPL": [0.00031273649330666557], "AAXJ": [0.1571189840076333], "AC": [0.015743370764339133], "ACTINVRB": [0.0074869826932040355], "ACWI": [0.1007092123648625], "AGUA": [0.0016525059292510288], "ALFAA": [-0.07395365075174959], "ALPEKA": [0.03852040419215982], "ALSEA": [0.002634841664094653], "AMD": [0.011250413758794327], "AMZN": [0.12922975802864234], "ARA": [0.0034962215238677433], "ASURB": [0.0062333173474481566], "AUTLANB": [0.012465383145307842], "AXTELCPO": [0.019253714508211592], "BABAN": [-0.10584701485232953], "BAC": [0.014353624464572508], "BACHOCOB": [-0.0040085841968957175], "BBAJIOO": [0.016509867175169394], "BBVA": [-0.0008212815554455161], "BIL": [-0.07544524267034211], "BIMBOA": [0.019783998760416383], "BOLSAA": [0.03924831866780139], "BYND": [], "C": [0.030137820553478016], "CADUA": [0.03791685720481666], "CCL1N": [-0.005169199085908169], "CEMEXCPO": [-0.036007086084222054], "CETETRCISHRS": [0.0015100418912405433], "CHDRAUIB": [0.01486129954934806], "CMOCTEZ": [-0.006088144675205083], "CMRB": [0.007011009773181588], "CSPXN": [0.01932800530753692], "CUERVO": [-0.010710847568226562], "CULTIBAB": [-0.01208935028140629], "CVS": [0.04006258143575232], "CYDSASAA": [-0.010750202534629584], "DAL": [0.041155919860106464], "DANHOS13": [-0.012320278302704026], "DIS": [0.012537112290362976], "DLRTRAC15": [-0.005042871269836768], "EEM": [0.3146465084256308], "ELEKTRA": [0.04100692436474166], "EWG": [0.020586595901602642], "EWJ": [0.007173381522394988], "EWZ": [0.01941949492642986], "EZU": [-0.013421092872111767], "F": [0.04362840801026523], "FCX": [-0.009707253756422896], "FEMSAUBD": [0.006692462424379743], "FIBRAHD15": [-0.05923192295853808], "FIBRAMQ12": [0.006156999163804164], "FIBRAPL14": [0.016829772448924085], "FIBRATC14": [-0.04610106614924827], "FIHO12": [-0.05537379236166122], "FINN13": [0.020577586684988537], "FLOAN": [-0.004081412470112122], "FMTY14": [-0.0730724401336397], "FNOVA17": [0.02335217021398628], "FPLUS16": [0.0369154534338696], "FRAGUAB": [-0.006746339254082042], "FSHOP13": [-0.02474114732917513], "FUNO11": [0.013676773908602606], "FXI": [0.051881278823523225], "GAPB": [0.007501261366320525], "GBMO": [0.017000050504150762], "GCARSOA1": [0.047628947747945204], "GCC": [-0.04189050205454723], "GDX": [0.06249237064453458], "GE": [-0.011850562989052488], "GENTERA": [-0.008295697779196264], "GFINBURO": [-0.008093864455206472], "GFNORTEO": [-0.021904253499656426], "GICSAB": [-0.0943414302373395], "GISSAA": [-0.042030467217599635], "GM": [-0.047171051906965654], "GMD": [-0.012829506595828578], "GMEXICOB": [-0.03463594597491847], "GMXT": [0.011014842170299743], "GOOGL": [0.019103177320841436], "GRUMAB": [-0.0001391286088387178], "HCITY": [-0.04975903649511393], "HERDEZ": [0.014923210432215363], "HOMEX": [0.07247989145887354], "HOTEL": [-0.012806294842187994], "IAU": [-0.012872464072538392], "IB01N": [-0.0060442855093317815], "IB1MXXN": [], "IBTAN": [-0.011816697672861254], "IBTMXXN": [0.005366949442942137], "ICLN": [-0.016301682072418045], "INTC": [0.033255641674614575], "IVV": [0.023082804994301084], "IVVPESOISHRS": [0.023848316733369665], "JPM": [0.01563070099722713], "KIMBERA": [-0.006369278968639945], "KO": [0.009181029119097224], "KOFUBL": [0.0157545109693647], "LABB": [0.0394904902053744], "LACOMERUBC": [0.013686443796386671], "LIVEPOLC-1": [-0.047777120543164575], "LQDAN": [-0.00279212031047249], "M10TRACISHRS": [-0.0005278467658725861], "M5TRACISHRS": [-0.008921464408597923], "MCHI": [-0.03847679635587786], "MEDICAB": [-0.0004576113401344173], "MEGACPO": [-0.016899884422629886], "MEXTRAC09": [-0.011499734997750286], "MFRISCOA-1": [0.06586853869680477], "MRNA": [-0.004581672847626663], "MSFT": [0.018951671104347572], "MU": [-0.03429292292850867], "NAFTRACISHRS": [-0.01839576555155165], "NCLHN": [0.10327664084439758], "NEMAKA": [0.11853229109475036], "NFLX": [0.06329199066852594], "NION": [], "NKE": [-0.030363616924608754], "NVDA": [0.035413844207516865], "OMAB": [0.0424037186411227], "ORBIA": [-0.029585558773531955], "PE&OLES": [-0.026246782801865307], "PFE": [0.04595430976782033], "PINFRA": [-0.044053489534616935], "PSQ": [-0.006989101697892186], "PYPL": [-0.04638573019862181], "Q": [0.01812304326378808], "QCOM": [-0.030881889177584207], "QQQ": [0.07008575510346428], "QVGMEX18": [0.009631395864942494], "RA": [-0.009305850237167394], "SDIAN": [-0.008486022496940915], "SHV": [-0.09116662626637154], "SHY": [-0.029032168972090433], "SIMECB": [0.0069333253036582], "SLV": [-0.03759249610887827], "SORIANAB": [-0.03473304506225062], "SPCE": [], "SPORTS": [0.04195533235388967], "SPY": [0.17577546409296485], "SQ": [], "T": [-0.0692951008269754], "TEAKCPO": [0.24047739937571844], "TERRA13": [0.00024309873643861644], "TLEVISACPO": [0.032207859319465], "TLT": [0.011575352773242453], "TMMA": [-0.058273728384458094], "TRAXIONA": [0.1027793797994179], "TSLA": [0.042952630115998404], "UAL": [0.1172053089462162], "UBER": [], "UDITRACISHRS": [0.00825960798273484], "V": [-0.007244633298357832], "VALUEGFO": [-0.02981245970684313], "VESTA": [0.03766579358275625], "VGT": [-0.056199074580157715], "VITROA": [0.06227385089216392], "VMEX19": [], "VOLARA": [0.17771046971935944], "VOO": [-0.017741566024967043], "VT": [-0.06042953521001099], "VWO": [0.17891473679965192], "WALMEX": [0.024768378327966273], "WFC": [0.025570957316996185], "WYNN": [0.06480360859317477], "X": [-0.10885246736646462], "XLE": [0.03902465006288924], "XLF": [-0.002185129544969918], "XLK": [-0.019754636592398664], "XLP": [0.016385641889306357], "XLV": [0.03341146908404762], "XOM": [-0.025490706761987517]}, "allocation": {"TEAKCPO": 1.0, "NEMAKA": 1.0, "HOMEX": 181.0, "MFRISCOA-1": 1.0, "GCARSOA1": 4.0, "LABB": 38.0, "CADUA": 331.0, "FPLUS16": 40.0, "FNOVA17": 35.0, "FINN13": 156.0, "BIMBOA": 1.0, "AXTELCPO": 3.0, "Q": 5.0, "GBMO": 6.0, "FIBRAPL14": 3.0, "AC": 2.0, "CHDRAUIB": 15.0, "FUNO11": 6.0, "AUTLANB": 17.0, "GMXT": 15.0}, "qty": {"TEAKCPO": 2.8499999046325684, "NEMAKA": 3.759999990463257, "HOMEX": 1.9909999892115593, "MFRISCOA-1": 2.6500000953674316, "GCARSOA1": 546.0399780273438, "LABB": 535.8000144958496, "CADUA": 1059.20001578331, "FPLUS16": 217.99999237060547, "FNOVA17": 997.8500080108643, "FINN13": 851.7600059509277, "BIMBOA": 83.91000366210938, "AXTELCPO": 1.9140000343322754, "Q": 675.0, "GBMO": 71.69999885559082, "FIBRAPL14": 180.0, "AC": 323.9599914550781, "CHDRAUIB": 1590.0, "FUNO11": 147.06000137329102, "AUTLANB": 174.25, "GMXT": 600.0}, "pct": {"TEAKCPO": 0.0003532607394181761, "NEMAKA": 0.00046605628817192156, "HOMEX": 0.0002467867199669725, "MFRISCOA-1": 0.0003284705349028517, "GCARSOA1": 0.06768227819105584, "LABB": 0.06641302302972377, "CADUA": 0.13128905027651067, "FPLUS16": 0.027021347745597675, "FNOVA17": 0.12368464682590806, "FINN13": 0.10557662441320222, "BIMBOA": 0.010400740677245807, "AXTELCPO": 0.00023724248771924238, "Q": 0.08366702003030796, "GBMO": 0.008887296652479667, "FIBRAPL14": 0.022311205341415456, "AC": 0.04015521050976358, "CHDRAUIB": 0.19708231384916985, "FUNO11": 0.018228254934157414, "AUTLANB": 0.02159848628189802, "GMXT": 0.07437068447138485}}