{"predictions": {"AAL": [0.05643163206995981], "AAPL": [0.004506753487596491], "AAXJ": [0.1470605149597093], "ABBV": [0.012290015230458065], "ABT": [0.032856213077157054], "AC": [0.00452633309545394], "ACCELSAB": [], "ACTINVRB": [0.010017946816992834], "ACWI": [0.08898869430757092], "AEROMEX": [0.05179580974391728], "AGUA": [0.026058927021480535], "ALEATIC": [-0.03903507485424959], "ALFAA": [0.038036154986218], "ALPEKA": [-0.011251418095444984], "ALSEA": [-0.03017402665299226], "AMD": [-0.05723587949775044], "AMXL": [-0.048004749891411985], "AMZN": [-0.004319798058009056], "ANB": [0.023117694878317323], "ARA": [0.07535065063496932], "ASURB": [0.005513445315793456], "AUTLANB": [-0.04194297744484027], "AXP": [-0.003793485642430941], "AXTELCPO": [0.04701839921019246], "AZTECACPO": [0.012580831084840018], "BA": [-0.014436166710738978], "BABAN": [0.004703319714736056], "BAC": [-0.027845278366543574], "BACHOCOB": [0.012899630792208787], "BAFARB": [0.03024459553920416], "BBAJIOO": [0.039738423571130416], "BBVA": [-0.023655550049425364], "BIL": [0.017285713678836], "BIMBOA": [0.023862810238139277], "BOLSAA": [-0.01720609284243981], "BRKB": [4.1262926869477246e-05], "BSMXB": [-0.06513275691122199], "BYND": [], "C": [0.012574602309104083], "CADUA": [0.005475394126227266], "CEMEXCPO": [-8.189556016755667e-06], "CERAMICB": [0.04020987381077538], "CETETRCISHRS": [-0.0009753471992082763], "CHDRAUIB": [0.07502301028166149], "CHNTRAC11": [], "CIDMEGA": [0.009789855719132684], "CIEB": [0.02418052675714212], "CMOCTEZ": [0.03952670458469794], "CMRB": [0.06760073768102437], "CORPTRCISHRS": [-0.00641343493272023], "COST": [0.03849642585470482], "CREAL": [-0.03966213433597771], "CRM": [0.1667388084741261], "CSPXN": [], "CUERVO": [0.013116856993023073], "CULTIBAB": [0.006331345587371222], "CVS": [-0.038365429279036946], "CYDSASAA": [-0.043944065947879175], "DAL": [0.013175456084958459], "DANHOS13": [0.0272974906263061], "DIA": [0.009740446325328], "DINEA": [-0.018531189689678904], "DIS": [0.012010231759986216], "DLRTRAC15": [-0.01539298678183565], "EDOARDOB": [0.0816832890417311], "EDUCA18": [], "EEM": [0.23921726644139465], "ELEKTRA": [-0.08304405675458175], "EWG": [0.005001279844880163], "EWJ": [0.14996307862395253], "EWZ": [0.05116161169433017], "EZU": [0.042102373279201535], "F": [0.02748775581437103], "FCX": [0.029205116614048454], "FEMSAUBD": [0.0001793605110746027], "FIBRAHD15": [0.010993692283967682], "FIBRAMQ12": [-0.006478271946824963], "FIBRAPL14": [-0.007264567914333979], "FIHO12": [0.010209947926639325], "FINN13": [0.014082974138358734], "FMTY14": [-0.04277516426924273], "FPLUS16": [0.013803171744494518], "FRAGUAB": [-0.0012714987551398355], "FSHOP13": [-0.008955638492097212], "FUNO11": [-0.006352611942758761], "FXI": [0.13890100263893634], "GAPB": [-0.04243741350701283], "GBMO": [-0.010082599036232542], "GCARSOA1": [0.02134346085184735], "GCC": [0.041074873771396576], "GDX": [-0.027598301158812122], "GE": [0.019844642146424715], "GENTERA": [-0.011892159807585134], "GFAMSAA": [-0.1416352550294956], "GFINBURO": [-0.00026740218764152333], "GFNORTEO": [0.06054098323301712], "GICSAB": [0.0930813568216425], "GILD": [-0.03465855545568576], "GISSAA": [0.006670857686680711], "GLD": [-0.005547999294243544], "GM": [0.02296285891318174], "GMD": [-0.003984050251425238], "GMEXICOB": [-0.005495546276438353], "GMXT": [0.04425213189383813], "GOLDN": [], "GOMO": [-0.06657867376044663], "GOOGL": [0.029898988687850066], "GRUMAB": [0.015955447990698715], "GSANBORB-1": [0.0052629663108841734], "HCITY": [0.02299948649283371], "HERDEZ": [0.013138056972802434], "HOMEX": [0.08965462620972137], "HOTEL": [0.009621678451909445], "IAU": [0.051050885950676944], "IBB": [0.009882460475395344], "ICHB": [0.0009122628713825187], "ICLN": [0.022705773227335267], "IENOVA": [-0.03346000168543698], "INO": [], "INTC": [0.00638915412210975], "IVV": [0.017330944165764486], "IVVPESOISHRS": [0.000992311812183122], "JPM": [0.056311430424013154], "KIMBERA": [-6.728653225888557e-05], "KO": [0.021273807649691664], "KOFUBL": [], "KUOB": [-0.01982568452555042], "LABB": [-0.012341228144579344], "LACOMERUBC": [0.03991392854023691], "LAMOSA": [0.04736249333980509], "LIT": [], "LIVEPOL1": [-0.008592386803443139], "LIVEPOLC-1": [-0.000934417120669967], "LQD": [0.09840048169384216], "M10TRACISHRS": [-0.01302759251176222], "M5TRACISHRS": [-0.009890134897677927], "MA": [-0.015762658045227654], "MCD": [0.028999980826844688], "MCHI": [0.14751291976824898], "MEDICAB": [-0.013478950365732115], "MEGACPO": [0.013151858404237736], "MEXRISKISHRS": [-0.019050529367916125], "MEXTRAC09": [0.04627058515902153], "MFRISCOA-1": [-0.06691919915162567], "MGM": [-0.03953748064539907], "MONEXB": [-0.039573844390882504], "MRNA": [], "MSFT": [0.01982264983239937], "MU": [0.024642805633294778], "NAFTRACISHRS": [-0.02742191026090787], "NCLHN": [0.08124753545641641], "NEMAKA": [0.15726760455085176], "NFLX": [0.06743972110995751], "NKE": [0.03254615364805281], "NOKN": [0.06958722043387536], "NVDA": [0.042861879027541135], "OMAB": [-0.0671574981905934], "ORBIA": [-0.025852164686300513], "PASAB": [-0.01503017281823181], "PE&OLES": [-0.08810791290050737], "PFE": [0.03102591175739326], "PINFRA": [-0.006259149406820354], "PINS": [], "POCHTECB": [-0.016280575735784224], "PSOTRAC15": [0.02235400395892434], "PSQ": [0.033006562946434004], "PYPL": [-0.04365587663048825], "Q": [0.04572978632262967], "QCOM": [-0.005082722102037699], "QLD": [0.08955844823069206], "QQQ": [0.11758666652188349], "QVGMEX18": [], "RA": [0.0015494340315558089], "RCL": [0.0987185560802183], "RLHA": [-0.0169539052637736], "SBUX": [0.018709928798865107], "SHV": [-0.03997178917124562], "SHY": [0.027264371589833802], "SIMECB": [0.03477836024848032], "SLV": [-0.0118408608307074], "SORIANAB": [-0.022624167350123514], "SPCE": [], "SPORTS": [0.0009026487301454847], "SPY": [0.027805702928325182], "SQ": [], "T": [-0.025088043225295918], "TCEHYN": [0.04036929422832561], "TEAKCPO": [-0.02515852691331316], "TERRA13": [-0.003990839514153302], "TLEVISACPO": [-0.04904505477911443], "TLT": [0.03198730812066078], "TMMA": [0.03313638047571438], "TRAXIONA": [0.039176583824992436], "TSLA": [-0.03547227907392259], "UAL": [-0.0018974592718372998], "UBER": [], "UDITRACISHRS": [-0.0006305270976104671], "UNIFINA": [-0.10968753063658394], "URBI": [-0.05799946080711479], "USO": [0.015470778381019849], "V": [0.013776351862484536], "VALUEGFO": [-0.007453230669106303], "VEA": [-0.029054022622486284], "VESTA": [0.0296705818663938], "VGT": [0.019040293299707252], "VINTE": [0.025908875965847716], "VITROA": [-0.03400961819881998], "VNQ": [0.10969619259979743], "VOLARA": [-0.06624606328590188], "VOO": [0.03000206778410848], "VT": [0.18160763364784815], "VTI": [-0.059487874534871706], "VWO": [0.38882014783775254], "WALMEX": [0.0015564650027344966], "WFC": [0.011013042597268194], "WMT": [0.024399363269920874], "WYNN": [-0.03754865987997082], "X": [-0.004458862066010139], "XLE": [0.04656305277597575], "XLF": [0.08724464376038576], "XLK": [0.030479819350879928], "XLP": [0.027851132292989814], "XLV": [0.008239959548111724], "XOM": [0.012395655865644955], "ZM": []}, "allocation": {"GICSAB": 2.0, "HOMEX": 294.0, "ARA": 8.0, "CHDRAUIB": 2.0, "GFNORTEO": 1.0, "LAMOSA": 1.0, "Q": 1.0, "GMXT": 7.0, "CERAMICB": 9.0, "CMOCTEZ": 10.0, "TMMA": 29.0, "PSQ": 2.0, "VINTE": 4.0, "CIEB": 4.0, "BIMBOA": 2.0, "PSOTRAC15": 48.0, "FINN13": 11.0, "ACTINVRB": 23.0}, "qty": {"GICSAB": 3.9600000381469727, "HOMEX": 5.291999772191048, "ARA": 31.200000762939453, "CHDRAUIB": 212.8000030517578, "GFNORTEO": 152.58999633789062, "LAMOSA": 116.5999984741211, "Q": 116.98999786376953, "GMXT": 286.30001068115234, "CERAMICB": 722.3400192260742, "CMOCTEZ": 600.0, "TMMA": 67.85999751091003, "PSQ": 445.79998779296875, "VINTE": 126.19999694824219, "CIEB": 45.20000076293945, "BIMBOA": 180.8800048828125, "PSOTRAC15": 515.5199890136719, "FINN13": 63.800002098083496, "ACTINVRB": 290.9499912261963}, "pct": {"GICSAB": 0.0009939055623275242,