{
    "predictions": {
        "AAL": [
            0.00639250296569879
        ],
        "AAPL": [
            -0.010491401128446362
        ],
        "AAXJ": [
            0.0384773438868356
        ],
        "ABBV": [
            0.015374984172098196
        ],
        "ABT": [
            0.041189714602850536
        ],
        "AC": [
            -0.009321304624913478
        ],
        "ACCELSAB": [
            0.03365865588827951
        ],
        "ACTINVRB": [
            0.0023745176556965054
        ],
        "ACWI": [
            0.21966053686256853
        ],
        "AEROMEX": [
            0.030127187819418838
        ],
        "AGUA": [
            0.02389833288619033
        ],
        "ALEATIC": [
            -0.015452949135623492
        ],
        "ALFAA": [
            0.05724259802504206
        ],
        "ALPEKA": [
            0.03762813952579222
        ],
        "ALSEA": [
            -0.025165061358744335
        ],
        "AMD": [
            0.012211996344704748
        ],
        "AMXL": [
            -0.04710486760526211
        ],
        "AMZN": [
            0.014929526336382996
        ],
        "ANB": [
            0.05208006811023444
        ],
        "ARA": [
            0.02231291722058994
        ],
        "ARISTOSA": [],
        "ASURB": [
            -0.005807206903948252
        ],
        "AUTLANB": [
            -0.005185556143520986
        ],
        "AXP": [
            -0.016371071648770517
        ],
        "AXTELCPO": [
            0.06505896013855825
        ],
        "AZTECACPO": [
            0.014334663478340129
        ],
        "BA": [
            -0.04742980180221922
        ],
        "BABAN": [
            -0.01390256939016505
        ],
        "BAC": [
            0.02562068480278816
        ],
        "BACHOCOB": [
            0.006067294787329584
        ],
        "BAFARB": [
            0.03145705545440887
        ],
        "BBAJIOO": [
            0.05660938974886513
        ],
        "BBVA": [
            -0.06562780788187206
        ],
        "BIL": [
            0.07480200019177084
        ],
        "BIMBOA": [
            0.02716416263498979
        ],
        "BOLSAA": [
            -0.010562053547594506
        ],
        "BOTZ": [],
        "BRKB": [
            0.01740401337636688
        ],
        "BSMXB": [
            -0.061690426326762984
        ],
        "BYND": [],
        "C": [
            -0.008453046946435325
        ],
        "CABLECPO": [
            -0.016689635998077976
        ],
        "CADUA": [
            -0.019934770000378892
        ],
        "CCL1N": [],
        "CEMEXCPO": [
            0.003686457268939028
        ],
        "CERAMICB": [],
        "CETETRCISHRS": [
            -0.0009753471992082763
        ],
        "CHDRAUIB": [
            0.02642862114534758
        ],
        "CHNTRAC11": [
            0.04215981815697532
        ],
        "CIDMEGA": [
            -0.00019289703752166376
        ],
        "CIEB": [
            -0.008255227061604111
        ],
        "CMOCTEZ": [
            0.04503227586853291
        ],
        "CMRB": [
            0.06308768004651205
        ],
        "CORPTRCISHRS": [
            -0.00641343493272023
        ],
        "COST": [
            0.04577580378013081
        ],
        "CREAL": [
            -0.0378525285634846
        ],
        "CRM": [
            -0.021077595820554358
        ],
        "CSPXN": [],
        "CUERVO": [
            0.009342953795901724
        ],
        "CULTIBAB": [
            0.008228090595620598
        ],
        "CVS": [
            -0.038461045049630854
        ],
        "CYDSASAA": [
            -0.050809853017743746
        ],
        "DAL": [
            0.019487458322286835
        ],
        "DANHOS13": [
            0.015207261679055659
        ],
        "DIA": [
            0.09898704767202202
        ],
        "DINEA": [
            -0.048482068724247374
        ],
        "DIS": [
            0.037634998453335164
        ],
        "DLRTRAC15": [
            -0.01539298678183565
        ],
        "EDOARDOB": [
            0.11906458186648741
        ],
        "EDUCA18": [],
        "EEM": [
            0.10371858930225186
        ],
        "ELEKTRA": [
            0.027691225519158775
        ],
        "ELEMENT": [],
        "EWG": [
            0.002680612325483958
        ],
        "EWJ": [
            0.19362033409710672
        ],
        "EWZ": [
            0.08737315297934542
        ],
        "EZU": [
            -0.0008451905075811394
        ],
        "F": [
            0.06157434195896846
        ],
        "FB": [],
        "FCX": [
            -0.0075308415190660505
        ],
        "FEMSAUBD": [
            0.00019540387702209408
        ],
        "FIBRAHD15": [
            -0.04285095644603598
        ],
        "FIBRAMQ12": [
            -0.02086462872676568
        ],
        "FIBRAPL14": [
            -0.00894783669218217
        ],
        "FIBRATC14": [],
        "FIDEAL20": [],
        "FIHO12": [
            0.02731904493869542
        ],
        "FINAMEXO": [
            0.002097481607945338
        ],
        "FINN13": [
            0.00873843325489006
        ],
        "FLOAN": [],
        "FMTY14": [
            -0.03733965197705615
        ],
        "FNOVA17": [],
        "FPLUS16": [
            0.16387768081156054
        ],
        "FRAGUAB": [
            0.004375441150240522
        ],
        "FRES": [
            0.01371273282537785
        ],
        "FSHOP13": [
            0.010052082805405635
        ],
        "FUNO11": [
            -0.04115578994787735
        ],
        "FXI": [
            0.2552234617632381
        ],
        "GAPB": [
            -0.06610687224376
        ],
        "GBMO": [
            -0.019681146107836712
        ],
        "GCARSOA1": [
            0.016679831526128147
        ],
        "GCC": [
            -0.007414338964172214
        ],
        "GDX": [
            -0.06839854145984915
        ],
        "GE": [
            -0.03978098646065657
        ],
        "GENSEG": [],
        "GENTERA": [
            -0.005795795428315824
        ],
        "GFAMSAA": [
            -0.08153294699147705
        ],
        "GFINBURO": [
            -0.012800071345817777
        ],
        "GFMULTIO": [
            0.027953793820656762
        ],
        "GFNORTEO": [
            0.0577067680475894
        ],
        "GICSAB": [
            0.2733292250256938
        ],
        "GILD": [
            -0.00525303838481787
        ],
        "GISSAA": [
            0.020666987500436745
        ],
        "GLD": [
            -0.11716244938688303
        ],
        "GM": [
            -0.04345449042755512
        ],
        "GMD": [
            -0.0036564120798900624
        ],
        "GMEXICOB": [
            0.012065591564875435
        ],
        "GMXT": [
            0.004353917749312097
        ],
        "GNP": [
            0.043926480113459114
        ],
        "GOLDN": [],
        "GOMO": [
            0.06001371086419058
        ],
        "GOOGL": [
            0.043486904303887366
        ],
        "GRUMAB": [
            -0.012370090918384632
        ],
        "GSANBORB-1": [
            0.0027342061659751463
        ],
        "HCITY": [
            -0.0009714771526297614
        ],
        "HERDEZ": [
            0.00758554583308713
        ],
        "HOMEX": [
            0.060317397897140475
        ],
        "HOTEL": [
            -0.03224232119845611
        ],
        "IASASA": [
            -0.06980464581046958
        ],
        "IAU": [
            0.07484383149969245
        ],
        "IB01N": [],
        "IB1MXXN": [],
        "IBB": [
            0.025758858804961426
        ],
        "IBTAN": [],
        "IBTMXXN": [],
        "ICHB": [
            0.008147717891359194
        ],
        "ICLN": [
            0.04108477445253232
        ],
        "IENOVA": [
            -0.03214210261077524
        ],
        "INO": [],