{"acc": 1.455022264591125, "param": [0.0, 6.0, 25.0, 0.0, 14.853086242887457, 0.0, 27.0, 8.5625, 19.0, 14.65455071968431, 0.0, 8.0, 3.0, 2.0, 0.0, 25.375, 5.0, 4.729175880608092, 0.0, 24.91060130105237, 65.0, 6.0]}