{"acc": 1.224349406261719, "param": [0.0, 33.59542672897524, 18.375, 1.0, 34.0, 0.0, 12.826649798794229, 6.0, 13.0, 8.677093447085548, 0.0, 27.13658671922343, 4.0, 2.0, 0.9216876432254758, 5.549621576983701, 2.432136974638538, 13.538341702280661, 0.5, 7.0, 77.2129191207424, 19.0]}