{"acc": 1.2161030108603348, "param": [0.5, 29.0, 16.75, 0.0, 42.0, 0.0, 6.0, 5.0, 15.0, 8.0, 0.0, 9.0, 9.0, 6.0, 1.0, 9.0, 2.2805639607949155, 18.0, 0.0, 8.174102206799683, 66.0741617585152, 4.0]}